EmployeeID,Age,Department,JobRole,Salary,YearsAtCompany,PerformanceRating,JobSatisfaction,WorkHours,Promotions,Attrition
EMP0001,36,Finance,Financial Analyst,69477,10,2.8,1.4,55,2,No
EMP0002,45,Marketing,Content Strategist,60444,11,2.6,1.2,41,2,No
EMP0003,24,Finance,Finance Manager,36980,0,1.3,4.8,48,0,No
EMP0004,30,Sales,Account Manager,45018,4,3.7,3.4,38,1,No
EMP0005,27,Sales,Account Manager,33436,5,4.9,4.1,46,4,No
EMP0006,42,Engineering,Data Analyst,65269,15,3.3,4.9,58,4,No
EMP0007,32,Engineering,DevOps Engineer,80619,2,4.1,1.3,52,0,Yes
EMP0008,54,Engineering,Data Analyst,89378,15,3.7,3.4,36,7,No
EMP0009,34,Sales,Account Manager,61740,2,2.3,3.0,42,1,No
EMP0010,57,HR,HR Specialist,55756,12,1.6,4.7,41,9,No
EMP0011,34,Engineering,DevOps Engineer,42593,8,3.1,2.9,40,2,No
EMP0012,33,Engineering,Software Engineer,25000,6,2.1,1.1,44,2,Yes
EMP0013,40,Engineering,Software Engineer,25000,1,3.2,3.4,56,0,No
EMP0014,59,Engineering,DevOps Engineer,67123,23,2.6,4.3,44,10,No
EMP0015,32,Sales,Sales Representative,52865,8,3.6,4.3,49,3,No
EMP0016,30,Marketing,Brand Manager,85987,8,4.6,4.5,38,2,No
EMP0017,56,Operations,Logistics Manager,65861,15,1.0,1.6,39,6,No
EMP0018,54,HR,HR Specialist,55092,15,2.1,2.0,38,8,No
EMP0019,38,HR,HR Manager,55530,11,1.1,4.7,50,7,No
EMP0020,52,Engineering,Data Analyst,72601,21,1.4,3.5,59,13,No
EMP0021,29,Marketing,Marketing Analyst,48881,7,4.5,1.1,43,3,Yes
EMP0022,43,Operations,Operations Analyst,67088,21,2.3,4.3,30,7,No
EMP0023,51,Sales,Account Manager,46764,18,2.8,1.3,51,5,Yes
EMP0024,46,Sales,Account Manager,63677,7,3.1,3.6,49,2,No
EMP0025,43,HR,HR Specialist,73981,13,2.4,2.9,49,4,Yes
EMP0026,53,HR,Recruiter,98670,0,3.5,4.8,48,0,No
EMP0027,41,Finance,Finance Manager,91720,11,2.8,3.2,35,5,No
EMP0028,56,Sales,Sales Representative,55837,22,4.4,1.1,41,9,No
EMP0029,56,HR,HR Specialist,52644,15,3.3,4.5,40,5,No
EMP0030,43,Finance,Financial Analyst,55215,12,1.0,4.6,51,4,No
EMP0031,56,Marketing,Marketing Analyst,84098,11,4.0,4.2,35,3,No
EMP0032,44,Marketing,Brand Manager,77779,10,4.5,4.4,48,3,No
EMP0033,59,Marketing,Marketing Analyst,81213,18,4.5,1.9,46,8,No
EMP0034,49,Marketing,Marketing Analyst,77038,25,4.3,4.0,51,10,No
EMP0035,58,Marketing,Brand Manager,69472,3,3.1,3.5,45,1,No
EMP0036,37,Operations,Supply Chain Specialist,103796,6,2.1,1.8,38,2,Yes
EMP0037,38,Engineering,DevOps Engineer,79008,8,3.7,1.7,40,8,Yes
EMP0038,22,Engineering,Data Analyst,66812,0,2.5,4.0,44,0,No
EMP0039,34,HR,HR Manager,25000,0,2.1,1.2,37,0,No
EMP0040,52,Engineering,Software Engineer,60104,4,4.1,4.8,45,1,No
EMP0041,34,Operations,Operations Analyst,74232,3,3.5,2.4,36,0,No
EMP0042,24,Sales,Account Manager,78741,2,4.9,1.4,40,1,No
EMP0043,35,Marketing,Marketing Analyst,64062,1,3.4,3.5,45,0,No
EMP0044,59,Sales,Sales Representative,50265,0,3.5,4.4,55,0,No
EMP0045,38,Finance,Accountant,62560,9,2.4,1.8,41,3,No
EMP0046,37,HR,Recruiter,71204,7,2.6,4.5,37,3,No
EMP0047,43,Sales,Account Manager,93658,20,2.4,4.6,64,3,No
EMP0048,51,Operations,Supply Chain Specialist,77027,10,4.0,1.7,40,3,No
EMP0049,47,Sales,Sales Representative,77336,13,4.0,1.1,48,3,No
EMP0050,38,Finance,Accountant,61505,6,1.9,2.4,37,2,No
EMP0051,43,Finance,Finance Manager,101689,1,3.3,2.5,56,0,No
EMP0052,27,Sales,Sales Lead,47658,4,3.0,4.4,34,0,No
EMP0053,24,Engineering,DevOps Engineer,75949,2,1.0,4.9,46,0,No
EMP0054,23,Operations,Operations Analyst,25076,0,4.4,1.8,65,0,No
EMP0055,41,Finance,Finance Manager,64317,0,3.8,4.1,58,0,Yes
EMP0056,57,Operations,Supply Chain Specialist,46963,12,2.3,1.5,45,3,Yes
EMP0057,38,Marketing,Marketing Analyst,45533,8,2.6,2.4,64,4,No
EMP0058,56,Finance,Finance Manager,69760,0,4.4,1.6,57,0,No
EMP0059,56,Operations,Logistics Manager,48524,20,3.5,4.6,39,10,No
EMP0060,27,Sales,Account Manager,84294,5,3.8,1.7,37,3,No
EMP0061,58,Engineering,Software Engineer,90195,26,4.5,2.4,48,7,No
EMP0062,52,Sales,Sales Lead,68268,18,2.0,2.4,60,7,No
EMP0063,33,Engineering,Software Engineer,95643,11,4.7,3.8,49,3,No
EMP0064,32,Engineering,Data Analyst,53414,6,1.7,1.7,41,2,Yes
EMP0065,30,Marketing,Brand Manager,81419,4,1.0,2.3,40,1,No
EMP0066,39,Sales,Sales Lead,63227,1,1.1,4.7,51,0,No
EMP0067,45,Finance,Accountant,81609,0,3.5,1.1,30,0,No
EMP0068,41,Engineering,Software Engineer,111467,7,1.3,4.0,45,2,No
EMP0069,51,Marketing,Marketing Analyst,45743,15,4.1,2.8,45,5,No
EMP0070,31,HR,Recruiter,37788,2,1.1,1.6,59,1,Yes
EMP0071,29,HR,HR Manager,76251,5,4.5,3.2,30,7,No
EMP0072,31,Sales,Sales Lead,73776,6,1.5,4.5,48,4,No
EMP0073,33,HR,HR Manager,34391,3,3.2,2.7,59,0,No
EMP0074,31,Operations,Operations Analyst,59602,7,1.7,2.9,47,4,No
EMP0075,50,Operations,Logistics Manager,82060,12,4.3,3.1,54,3,No
EMP0076,43,Finance,Finance Manager,42024,20,3.9,2.0,37,9,Yes
EMP0077,50,HR,Recruiter,55499,20,4.7,3.9,54,8,No
EMP0078,55,Engineering,Data Analyst,52956,8,1.3,3.9,46,3,No
EMP0079,51,Marketing,Brand Manager,25000,5,1.4,4.7,54,0,No
EMP0080,33,Engineering,DevOps Engineer,73832,7,4.0,3.9,55,5,No
EMP0081,38,Sales,Sales Lead,68932,6,4.9,4.8,43,3,No
EMP0082,52,Engineering,Data Analyst,51310,23,1.3,3.8,42,7,No
EMP0083,23,Sales,Account Manager,65123,0,1.0,1.7,44,0,Yes
EMP0084,50,HR,HR Manager,49802,16,3.5,4.5,30,6,No
EMP0085,25,Operations,Logistics Manager,25000,1,3.7,1.9,35,2,Yes
EMP0086,34,Operations,Supply Chain Specialist,83342,1,3.1,1.9,57,0,Yes
EMP0087,24,Engineering,Data Analyst,70305,1,1.9,3.1,54,0,No
EMP0088,56,HR,Recruiter,63393,17,4.6,2.9,44,6,No
EMP0089,24,Marketing,Marketing Analyst,70134,0,3.9,2.1,43,0,Yes
EMP0090,26,Operations,Supply Chain Specialist,71021,1,1.4,4.6,45,1,No
EMP0091,24,Operations,Operations Analyst,82074,1,3.9,3.1,46,1,No
EMP0092,46,Engineering,Software Engineer,80170,20,4.0,1.6,57,5,No
EMP0093,35,Sales,Account Manager,55485,12,2.1,3.5,45,6,No
EMP0094,53,Sales,Sales Representative,84179,1,4.7,1.4,33,1,Yes
EMP0095,33,HR,HR Specialist,55320,5,1.2,1.3,59,4,No
EMP0096,50,Finance,Finance Manager,51016,10,4.3,2.0,54,0,Yes
EMP0097,25,Sales,Sales Representative,85973,0,2.2,4.4,45,0,No
EMP0098,32,Finance,Accountant,25000,10,2.3,3.9,40,5,No
EMP0099,46,Finance,Accountant,92530,16,1.1,4.2,30,5,No
EMP0100,59,Operations,Operations Analyst,45183,15,3.3,2.1,44,3,Yes
EMP0101,52,Sales,Account Manager,80470,5,4.4,4.1,36,0,No
EMP0102,33,Engineering,Software Engineer,53532,8,2.9,1.8,45,3,No
EMP0103,51,Engineering,Software Engineer,50577,0,2.3,4.9,53,0,No
EMP0104,36,Sales,Account Manager,62035,1,4.8,1.5,42,1,No
EMP0105,33,Engineering,Data Analyst,62924,7,4.1,3.4,49,4,No
EMP0106,35,Engineering,Data Analyst,73005,10,3.6,2.9,57,5,No
EMP0107,27,Finance,Accountant,33775,1,3.2,3.0,54,0,No
EMP0108,36,Marketing,Marketing Analyst,53267,0,4.8,2.7,47,0,No
EMP0109,41,Marketing,Content Strategist,64489,17,2.8,3.9,53,8,No
EMP0110,47,Engineering,DevOps Engineer,93139,7,3.5,2.5,32,2,No
EMP0111,35,Operations,Operations Analyst,96233,7,1.4,3.6,52,3,No
EMP0112,44,Finance,Financial Analyst,68662,14,2.8,2.3,42,6,No
EMP0113,58,Finance,Financial Analyst,53567,14,4.4,4.2,61,4,Yes
EMP0114,50,Marketing,Content Strategist,57381,0,4.7,2.3,36,0,No
EMP0115,41,Operations,Logistics Manager,62786,17,4.5,2.8,48,4,No
EMP0116,29,Sales,Account Manager,71999,1,1.6,1.9,38,1,No
EMP0117,31,Sales,Sales Lead,73369,1,4.5,4.1,40,0,No
EMP0118,22,Finance,Financial Analyst,72774,0,2.6,3.6,35,0,No
EMP0119,27,Finance,Accountant,53309,0,2.2,1.4,46,0,No
EMP0120,25,Operations,Logistics Manager,78029,1,4.5,2.3,43,1,Yes
EMP0121,36,Engineering,Software Engineer,34439,0,3.8,2.6,31,0,No
EMP0122,56,Engineering,Software Engineer,60833,11,1.7,3.6,43,7,No
EMP0123,57,Marketing,Brand Manager,80448,14,4.0,3.9,30,6,No
EMP0124,34,Finance,Financial Analyst,50663,5,3.5,3.1,41,4,No
EMP0125,34,Sales,Sales Representative,61828,3,1.5,4.4,55,1,No
EMP0126,57,Engineering,Data Analyst,87948,19,3.2,1.2,44,11,Yes
EMP0127,45,Marketing,Content Strategist,68711,18,4.2,4.1,52,3,No
EMP0128,42,Engineering,DevOps Engineer,49050,16,1.9,1.8,37,4,Yes
EMP0129,24,Marketing,Content Strategist,93554,1,3.8,5.0,40,0,No
EMP0130,53,Sales,Account Manager,45027,6,3.6,3.4,51,2,No
EMP0131,23,Marketing,Marketing Analyst,47563,1,3.2,4.5,50,0,No
EMP0132,24,Marketing,Content Strategist,73899,1,3.9,2.9,60,0,No
EMP0133,34,Finance,Financial Analyst,40186,12,3.1,1.4,50,6,No
EMP0134,41,Operations,Operations Analyst,44934,7,3.7,1.4,51,4,Yes
EMP0135,57,Marketing,Content Strategist,46359,0,2.5,2.4,35,0,Yes
EMP0136,24,Engineering,DevOps Engineer,103114,1,3.1,4.7,35,0,No
EMP0137,33,Marketing,Content Strategist,61636,0,2.5,4.5,44,0,No
EMP0138,37,Operations,Supply Chain Specialist,49857,6,2.6,1.7,43,4,Yes
EMP0139,57,Operations,Operations Analyst,49674,13,4.8,4.3,52,4,No
EMP0140,52,Finance,Financial Analyst,52523,13,4.4,1.0,50,1,No
EMP0141,40,HR,HR Specialist,46226,1,5.0,1.2,44,0,No
EMP0142,56,HR,HR Specialist,52655,20,1.4,3.8,39,8,No
EMP0143,56,Finance,Finance Manager,25000,6,1.7,2.5,66,2,Yes
EMP0144,42,Operations,Supply Chain Specialist,40130,9,3.5,2.3,49,3,Yes
EMP0145,32,Engineering,DevOps Engineer,36138,4,2.3,3.9,44,1,No
EMP0146,42,Operations,Logistics Manager,46618,9,3.8,2.8,53,2,No
EMP0147,55,Marketing,Brand Manager,65530,7,3.5,1.3,51,1,No
EMP0148,58,Engineering,DevOps Engineer,52693,7,1.3,1.0,46,3,Yes
EMP0149,49,HR,HR Manager,83714,18,2.1,1.1,50,6,Yes
EMP0150,46,Operations,Logistics Manager,47129,22,4.9,3.4,52,9,No
EMP0151,43,Engineering,Data Analyst,50323,19,1.8,4.5,42,13,No
EMP0152,43,HR,HR Specialist,58112,12,3.9,4.3,44,6,No
EMP0153,50,HR,HR Manager,80039,6,2.7,1.6,46,4,Yes
EMP0154,46,Sales,Account Manager,75184,9,3.5,3.8,49,6,No
EMP0155,41,Marketing,Marketing Analyst,72684,10,2.9,3.0,48,2,No
EMP0156,47,Operations,Supply Chain Specialist,52120,4,2.6,2.6,41,3,No
EMP0157,45,Finance,Accountant,92122,1,1.1,2.3,57,0,Yes
EMP0158,59,Marketing,Content Strategist,61768,20,2.8,1.6,56,5,No
EMP0159,54,Finance,Accountant,58734,16,1.7,3.7,63,9,No
EMP0160,40,Operations,Operations Analyst,51771,9,2.5,2.8,49,5,No
EMP0161,45,HR,HR Specialist,47955,3,3.4,1.5,48,3,Yes
EMP0162,49,Operations,Logistics Manager,67100,6,2.0,2.1,43,3,No
EMP0163,42,HR,Recruiter,81422,3,1.3,1.9,39,2,No
EMP0164,47,Marketing,Content Strategist,70849,11,3.0,4.9,55,2,No
EMP0165,42,HR,HR Specialist,43831,11,1.6,1.9,42,4,No
EMP0166,43,Sales,Sales Lead,43448,16,2.8,2.9,45,8,No
EMP0167,31,Finance,Finance Manager,47080,2,1.7,2.3,38,1,Yes
EMP0168,43,Marketing,Brand Manager,52790,19,2.8,4.9,49,2,No
EMP0169,56,Finance,Financial Analyst,43932,5,2.6,1.4,30,1,Yes
EMP0170,57,Finance,Financial Analyst,83762,4,2.6,4.7,49,1,No
EMP0171,28,Finance,Accountant,75777,2,1.7,3.0,42,1,No
EMP0172,58,Finance,Finance Manager,42813,3,5.0,2.9,54,0,No
EMP0173,52,Sales,Account Manager,83747,26,3.9,4.6,65,10,No
EMP0174,24,Sales,Account Manager,70916,1,4.3,1.4,38,0,Yes
EMP0175,39,Engineering,DevOps Engineer,84343,10,2.4,4.4,57,4,No
EMP0176,27,Finance,Finance Manager,77356,0,1.9,2.4,41,0,Yes
EMP0177,35,Engineering,Software Engineer,67012,3,4.2,3.7,48,0,No
EMP0178,44,HR,HR Manager,25902,1,4.5,3.2,30,0,No
EMP0179,41,Operations,Supply Chain Specialist,55562,16,4.4,2.2,48,6,No
EMP0180,35,Finance,Finance Manager,67345,7,1.4,2.0,59,0,Yes
EMP0181,32,Engineering,Data Analyst,38926,4,4.0,1.2,36,5,Yes
EMP0182,51,Marketing,Content Strategist,61401,11,1.3,4.3,54,2,No
EMP0183,38,Finance,Finance Manager,63791,1,3.1,2.7,53,0,No
EMP0184,47,Engineering,DevOps Engineer,102104,19,3.5,3.4,36,5,No
EMP0185,48,Sales,Account Manager,78137,22,1.0,1.2,43,10,No
EMP0186,29,Engineering,Data Analyst,50300,2,2.9,2.8,51,0,No
EMP0187,30,Operations,Logistics Manager,64263,7,1.5,2.4,38,5,Yes
EMP0188,33,Engineering,DevOps Engineer,65342,7,3.4,2.2,49,3,No
EMP0189,44,Operations,Operations Analyst,92244,16,1.5,2.5,52,5,Yes
EMP0190,23,Engineering,DevOps Engineer,86603,0,4.6,3.4,55,0,No
EMP0191,30,HR,Recruiter,53974,8,3.6,4.0,42,6,No
EMP0192,42,Sales,Sales Representative,56507,16,4.3,1.3,33,6,Yes
EMP0193,49,HR,HR Manager,57313,11,2.3,3.3,51,5,No
EMP0194,22,Finance,Financial Analyst,40711,0,1.1,3.6,41,0,No
EMP0195,52,HR,HR Manager,26331,26,3.7,3.4,38,7,No
EMP0196,25,HR,HR Specialist,38037,1,1.1,4.0,42,0,Yes
EMP0197,58,Marketing,Content Strategist,50504,9,2.8,5.0,30,1,No
EMP0198,53,Operations,Operations Analyst,112658,15,1.7,2.0,30,7,No
EMP0199,22,Finance,Finance Manager,38545,0,2.8,3.5,46,0,No
EMP0200,38,HR,HR Specialist,65837,2,3.3,3.5,52,0,No
EMP0201,38,Finance,Financial Analyst,29509,4,4.9,4.6,46,3,No
EMP0202,38,Finance,Financial Analyst,57507,8,4.9,2.9,35,3,No
EMP0203,38,HR,HR Manager,25000,13,3.4,3.4,31,4,No
EMP0204,59,Engineering,DevOps Engineer,71871,2,3.5,4.7,30,0,No
EMP0205,24,Marketing,Content Strategist,104794,1,3.6,4.3,48,0,No
EMP0206,51,Operations,Operations Analyst,84185,14,1.3,1.0,33,8,No
EMP0207,56,Operations,Supply Chain Specialist,62135,7,4.8,1.3,43,3,No
EMP0208,23,Sales,Account Manager,79626,1,1.8,4.5,54,0,No
EMP0209,48,Operations,Supply Chain Specialist,54709,21,1.9,3.6,30,10,No
EMP0210,49,Operations,Logistics Manager,69527,13,3.2,3.1,49,4,No
EMP0211,32,Sales,Sales Lead,43551,8,1.0,3.0,53,0,No
EMP0212,44,Operations,Operations Analyst,25000,17,4.8,1.3,41,11,Yes
EMP0213,54,Sales,Sales Representative,88454,27,1.0,1.7,52,11,No
EMP0214,56,Finance,Financial Analyst,65762,14,4.1,1.0,38,6,No
EMP0215,57,Operations,Operations Analyst,73457,12,1.5,3.9,43,3,No
EMP0216,56,Marketing,Brand Manager,25123,12,4.3,1.1,45,2,Yes
EMP0217,46,Sales,Sales Lead,75579,2,3.4,1.0,30,0,No
EMP0218,59,Finance,Accountant,81072,0,4.1,3.1,39,0,No
EMP0219,51,HR,Recruiter,52919,8,1.1,2.2,40,3,Yes
EMP0220,57,HR,HR Specialist,73404,12,2.8,2.6,50,2,No
EMP0221,36,Finance,Financial Analyst,46099,11,4.8,4.8,44,5,No
EMP0222,47,Finance,Finance Manager,67865,24,1.6,4.2,56,10,No
EMP0223,32,Marketing,Marketing Analyst,27846,7,3.0,3.7,46,0,Yes
EMP0224,39,Operations,Logistics Manager,25000,13,1.2,1.7,57,2,No
EMP0225,32,HR,HR Specialist,65718,5,3.0,2.6,38,2,No
EMP0226,44,Sales,Sales Lead,43551,22,3.8,2.6,55,15,No
EMP0227,45,HR,HR Specialist,77646,9,3.9,1.4,41,1,No
EMP0228,31,Marketing,Marketing Analyst,44840,3,4.7,5.0,32,0,No
EMP0229,41,Engineering,DevOps Engineer,64950,19,4.8,3.3,46,7,No
EMP0230,31,Finance,Finance Manager,64278,8,2.1,4.8,43,4,No
EMP0231,28,Finance,Finance Manager,56217,1,4.1,2.9,52,0,No
EMP0232,40,Marketing,Marketing Analyst,52675,15,1.3,1.3,48,9,No
EMP0233,26,Marketing,Brand Manager,73804,4,1.2,4.9,30,0,No
EMP0234,43,Marketing,Brand Manager,48124,14,3.9,3.6,37,7,No
EMP0235,37,Operations,Supply Chain Specialist,65077,7,1.6,2.5,57,2,No
EMP0236,38,Operations,Operations Analyst,53504,10,2.4,4.8,63,4,Yes
EMP0237,45,Engineering,Software Engineer,81638,1,2.8,4.7,52,0,No
EMP0238,38,Operations,Operations Analyst,49280,1,2.4,2.3,49,2,No
EMP0239,22,Marketing,Brand Manager,56341,0,3.0,2.5,30,0,No
EMP0240,56,Engineering,DevOps Engineer,69722,7,4.4,1.4,54,4,No
EMP0241,37,Marketing,Brand Manager,68410,5,4.2,3.7,42,2,No
EMP0242,24,Operations,Supply Chain Specialist,61394,1,2.2,2.2,39,0,No
EMP0243,49,Engineering,Software Engineer,31369,13,2.4,1.3,49,3,Yes
EMP0244,41,Engineering,Software Engineer,36290,6,2.7,4.0,49,0,Yes
EMP0245,31,Sales,Sales Lead,33433,8,4.9,1.5,45,4,Yes
EMP0246,31,HR,HR Manager,25050,1,2.1,3.6,43,1,Yes
EMP0247,59,Marketing,Brand Manager,49066,19,3.4,3.5,42,4,No
EMP0248,57,Engineering,Data Analyst,80353,26,4.8,1.4,47,9,No
EMP0249,57,Engineering,Software Engineer,57804,18,4.4,1.8,48,3,No
EMP0250,42,HR,HR Manager,51264,14,3.9,1.0,32,5,Yes
EMP0251,54,Finance,Finance Manager,55073,24,2.7,1.9,50,10,Yes
EMP0252,29,HR,Recruiter,52127,2,1.8,4.2,56,0,No
EMP0253,58,Engineering,Data Analyst,79986,8,3.6,4.3,43,2,No
EMP0254,43,Sales,Account Manager,34169,10,3.4,2.6,48,1,No
EMP0255,24,Engineering,DevOps Engineer,59425,1,4.7,1.4,43,0,No
EMP0256,28,Finance,Financial Analyst,71412,2,1.4,2.2,52,0,Yes
EMP0257,46,Sales,Sales Lead,54570,20,4.5,4.3,46,7,No
EMP0258,56,Operations,Supply Chain Specialist,67349,6,3.7,4.4,42,4,No
EMP0259,44,Marketing,Content Strategist,79516,12,3.1,1.6,52,1,Yes
EMP0260,35,Sales,Sales Lead,44406,9,1.9,3.1,42,2,No
EMP0261,36,HR,Recruiter,62251,13,3.2,2.7,48,5,No
EMP0262,55,Operations,Operations Analyst,39722,28,3.4,1.5,45,9,No
EMP0263,24,Engineering,DevOps Engineer,54748,2,3.9,4.5,47,1,No
EMP0264,43,Marketing,Marketing Analyst,53092,15,2.1,3.1,42,4,No
EMP0265,23,Engineering,Data Analyst,59467,1,1.7,4.0,40,1,No
EMP0266,34,Sales,Account Manager,44983,12,3.9,3.4,44,3,No
EMP0267,23,HR,Recruiter,52209,1,3.5,1.4,53,0,Yes
EMP0268,58,Finance,Financial Analyst,75022,15,3.1,1.6,49,7,No
EMP0269,47,HR,HR Specialist,62745,3,4.0,2.2,54,1,No
EMP0270,23,HR,HR Specialist,67979,1,4.0,3.2,50,0,No
EMP0271,44,HR,Recruiter,58366,17,3.2,3.1,49,8,No
EMP0272,36,Marketing,Brand Manager,66997,3,4.1,4.1,44,1,No
EMP0273,43,Marketing,Brand Manager,78707,5,4.3,3.5,43,3,No
EMP0274,34,Marketing,Brand Manager,64678,5,4.3,3.8,41,6,No
EMP0275,56,Marketing,Marketing Analyst,56183,19,1.3,2.2,44,1,No
EMP0276,36,Engineering,DevOps Engineer,25000,10,2.6,1.3,32,4,No
EMP0277,55,HR,Recruiter,90338,22,2.9,2.8,55,12,No
EMP0278,31,Engineering,Software Engineer,68082,5,3.4,1.7,36,3,Yes
EMP0279,54,Finance,Accountant,56417,22,2.8,3.7,34,10,No
EMP0280,51,Marketing,Content Strategist,78631,16,4.5,3.6,47,8,No
EMP0281,52,Engineering,DevOps Engineer,56351,20,1.3,4.9,41,6,No
EMP0282,59,Finance,Accountant,25955,23,4.2,2.3,41,6,Yes
EMP0283,39,Operations,Supply Chain Specialist,59371,5,2.2,3.3,38,1,No
EMP0284,44,Operations,Supply Chain Specialist,66260,16,2.6,3.9,44,4,No
EMP0285,36,Engineering,DevOps Engineer,84477,14,5.0,4.6,46,5,No
EMP0286,39,Engineering,DevOps Engineer,49476,15,4.0,1.5,30,5,No
EMP0287,29,Finance,Finance Manager,42434,0,1.5,4.4,52,0,Yes
EMP0288,55,HR,HR Manager,67607,15,4.9,3.3,43,4,No
EMP0289,26,Marketing,Brand Manager,37954,3,1.9,4.5,50,0,Yes
EMP0290,41,Marketing,Marketing Analyst,47253,19,2.8,2.4,48,3,No
EMP0291,34,HR,Recruiter,77290,6,4.0,3.1,57,4,No
EMP0292,38,Operations,Operations Analyst,74026,7,2.9,4.1,35,1,No
EMP0293,22,Engineering,Software Engineer,72984,0,1.9,2.3,51,0,No
EMP0294,29,Marketing,Content Strategist,64496,7,3.4,1.8,48,0,No
EMP0295,53,Engineering,Software Engineer,73710,25,4.7,2.5,59,5,No
EMP0296,23,Engineering,Software Engineer,62399,0,3.4,3.6,41,0,No
EMP0297,59,Finance,Accountant,63219,22,2.4,4.7,65,8,No
EMP0298,39,Finance,Financial Analyst,50631,15,4.7,1.2,35,3,No
EMP0299,55,Engineering,DevOps Engineer,56262,2,3.6,4.0,31,1,No
EMP0300,48,Marketing,Brand Manager,56086,15,4.5,2.0,56,6,No
EMP0301,24,Sales,Account Manager,80371,1,4.3,1.7,47,0,Yes
EMP0302,36,Marketing,Brand Manager,83040,13,2.6,2.4,59,1,Yes
EMP0303,42,HR,Recruiter,98188,2,4.6,2.6,51,0,No
EMP0304,26,HR,HR Specialist,37395,1,1.5,4.9,64,0,Yes
EMP0305,51,Sales,Sales Representative,40961,10,1.7,3.3,45,6,No
EMP0306,33,Finance,Financial Analyst,29589,0,3.5,2.0,43,0,No
EMP0307,42,Operations,Logistics Manager,58127,14,2.4,2.5,55,3,No
EMP0308,27,Operations,Operations Analyst,48888,2,4.2,4.3,34,0,No
EMP0309,27,Marketing,Brand Manager,63808,4,3.1,1.1,48,1,Yes
EMP0310,25,Sales,Account Manager,45591,0,3.0,4.1,38,0,Yes
EMP0311,56,HR,HR Specialist,74745,18,4.8,1.2,36,9,No
EMP0312,25,HR,Recruiter,61981,0,3.8,1.4,32,0,Yes
EMP0313,30,HR,HR Manager,67070,6,4.7,4.7,42,3,No
EMP0314,50,Marketing,Marketing Analyst,75503,6,1.6,4.3,49,3,No
EMP0315,36,Sales,Account Manager,25560,7,4.6,1.9,47,5,Yes
EMP0316,53,HR,HR Specialist,55227,21,1.5,2.5,55,8,Yes
EMP0317,26,Marketing,Brand Manager,25000,3,1.6,1.7,55,1,No
EMP0318,51,Engineering,Data Analyst,50799,22,1.3,1.9,37,6,No
EMP0319,37,HR,HR Manager,46172,0,2.0,3.8,53,0,No
EMP0320,23,Finance,Finance Manager,79030,1,2.1,4.6,36,0,No
EMP0321,38,Finance,Financial Analyst,72713,16,4.7,1.4,40,4,No
EMP0322,58,Marketing,Marketing Analyst,39229,28,3.1,1.6,31,9,Yes
EMP0323,44,Marketing,Brand Manager,70503,1,2.0,4.5,35,1,No
EMP0324,27,HR,Recruiter,79506,3,3.7,4.3,49,1,No
EMP0325,25,Marketing,Content Strategist,64917,0,1.5,1.7,30,0,Yes
EMP0326,42,HR,HR Specialist,26305,18,3.5,3.7,30,4,Yes
EMP0327,47,Marketing,Brand Manager,40953,14,4.1,2.0,39,4,No
EMP0328,48,Finance,Finance Manager,39874,16,1.1,2.9,42,6,Yes
EMP0329,48,Sales,Sales Lead,28113,8,1.5,1.1,58,7,No
EMP0330,23,Engineering,Data Analyst,67708,0,1.7,1.1,55,0,Yes
EMP0331,58,Operations,Logistics Manager,65271,17,4.5,1.6,42,12,No
EMP0332,35,Marketing,Brand Manager,83300,6,3.2,2.4,35,0,Yes
EMP0333,55,Engineering,Data Analyst,55686,4,3.9,4.1,38,0,Yes
EMP0334,49,HR,HR Specialist,86643,18,2.5,3.7,46,5,No
EMP0335,50,Operations,Supply Chain Specialist,85539,21,2.3,2.2,47,6,No
EMP0336,41,Finance,Financial Analyst,53521,8,5.0,1.4,55,4,No
EMP0337,29,HR,HR Manager,84780,3,2.1,2.2,66,0,No
EMP0338,33,HR,HR Manager,73147,6,4.3,1.2,34,2,No
EMP0339,56,Sales,Sales Representative,37927,7,4.6,1.3,46,6,No
EMP0340,46,Engineering,Software Engineer,72536,21,3.7,2.2,46,8,Yes
EMP0341,49,HR,Recruiter,66161,16,1.0,3.5,44,6,No
EMP0342,28,Sales,Account Manager,43228,4,3.7,1.2,40,2,Yes
EMP0343,56,Sales,Sales Representative,82118,7,3.2,1.3,40,3,Yes
EMP0344,52,HR,HR Manager,69769,3,2.3,2.9,63,1,No
EMP0345,57,Sales,Account Manager,40695,17,3.7,2.3,40,8,No
EMP0346,33,Sales,Sales Representative,29076,5,4.5,1.1,54,1,Yes
EMP0347,39,Sales,Sales Lead,56451,2,4.0,4.6,34,1,No
EMP0348,25,HR,Recruiter,44695,0,1.9,4.7,45,0,No
EMP0349,37,Engineering,Software Engineer,105448,14,1.9,3.5,52,2,No
EMP0350,53,Sales,Sales Representative,73908,26,1.3,2.8,35,4,No
EMP0351,40,Marketing,Marketing Analyst,81775,2,1.6,3.0,41,0,Yes
EMP0352,30,Marketing,Brand Manager,102073,4,1.2,4.8,49,1,Yes
EMP0353,38,Finance,Financial Analyst,27247,13,2.4,5.0,45,5,Yes
EMP0354,48,Engineering,DevOps Engineer,95630,14,3.3,1.1,36,5,No
EMP0355,41,Marketing,Marketing Analyst,72414,17,3.2,2.9,53,6,No
EMP0356,45,Operations,Operations Analyst,87316,8,3.4,1.1,50,2,No
EMP0357,49,Engineering,DevOps Engineer,48987,26,3.7,3.5,61,6,No
EMP0358,46,Sales,Sales Representative,48364,8,3.7,2.9,35,3,No
EMP0359,44,Engineering,DevOps Engineer,49265,12,2.9,1.2,50,4,No
EMP0360,44,Marketing,Marketing Analyst,49370,19,3.4,3.1,32,2,No
EMP0361,32,Operations,Logistics Manager,42175,1,3.5,3.2,44,0,No
EMP0362,57,Operations,Operations Analyst,78724,24,3.4,4.2,46,8,No
EMP0363,27,Operations,Operations Analyst,61425,0,1.9,2.1,34,0,Yes
EMP0364,36,Engineering,DevOps Engineer,86738,3,4.2,4.7,54,0,No
EMP0365,26,Finance,Financial Analyst,63555,3,4.3,1.1,46,1,Yes
EMP0366,30,HR,HR Manager,25000,4,4.6,1.2,36,3,No
EMP0367,50,Marketing,Brand Manager,77319,13,1.6,1.6,42,2,No
EMP0368,49,Sales,Sales Lead,43709,9,1.6,1.8,56,3,No
EMP0369,25,Operations,Operations Analyst,68430,2,4.4,1.7,47,1,No
EMP0370,29,Engineering,DevOps Engineer,79804,1,4.5,2.2,40,2,Yes
EMP0371,27,Sales,Sales Lead,52113,4,3.7,1.9,43,0,Yes
EMP0372,32,Finance,Finance Manager,59712,5,1.3,3.7,43,3,No
EMP0373,22,Engineering,Software Engineer,44796,0,3.6,3.5,46,0,No
EMP0374,48,Marketing,Brand Manager,83834,0,2.5,1.7,44,0,No
EMP0375,57,Marketing,Marketing Analyst,109703,4,2.8,4.3,47,2,No
EMP0376,52,Marketing,Marketing Analyst,44380,16,3.4,2.2,41,4,No
EMP0377,34,Operations,Supply Chain Specialist,58228,8,1.2,2.0,46,2,No
EMP0378,59,Marketing,Marketing Analyst,64296,13,3.4,2.7,40,6,No
EMP0379,55,Sales,Sales Representative,75863,29,2.4,1.2,44,3,No
EMP0380,55,Operations,Logistics Manager,76587,22,4.5,3.9,52,6,No
EMP0381,37,Finance,Accountant,57870,1,4.2,2.4,41,0,No
EMP0382,36,Sales,Sales Representative,55751,1,5.0,2.9,57,2,No
EMP0383,50,Operations,Operations Analyst,82778,20,2.3,4.8,45,3,No
EMP0384,45,Operations,Operations Analyst,54125,14,1.2,1.9,34,10,No
EMP0385,24,Operations,Logistics Manager,63621,2,1.3,4.8,55,0,No
EMP0386,47,Finance,Finance Manager,53168,15,4.2,4.9,45,9,No
EMP0387,41,Operations,Operations Analyst,63268,0,1.3,2.5,35,0,No
EMP0388,28,Sales,Sales Representative,57316,6,1.2,1.7,48,2,No
EMP0389,59,Engineering,DevOps Engineer,25000,22,4.1,3.5,30,16,No
EMP0390,33,Sales,Sales Lead,75102,7,4.0,3.9,65,1,No
EMP0391,28,Finance,Accountant,85921,4,1.1,3.8,36,1,No
EMP0392,59,HR,HR Specialist,49276,8,4.6,1.0,42,1,No
EMP0393,51,Engineering,Software Engineer,40634,7,2.8,2.1,51,0,No
EMP0394,39,Sales,Sales Representative,86519,16,2.4,4.8,39,5,No
EMP0395,47,HR,Recruiter,38121,24,3.5,4.3,52,12,No
EMP0396,22,Marketing,Content Strategist,57511,0,3.7,2.8,40,0,No
EMP0397,37,Finance,Accountant,71718,3,3.2,1.8,39,0,No
EMP0398,24,Marketing,Brand Manager,91942,0,4.2,2.2,33,0,No
EMP0399,35,Engineering,Software Engineer,82856,7,3.0,2.7,54,0,Yes
EMP0400,38,Marketing,Brand Manager,36412,15,3.9,3.4,46,6,No
EMP0401,33,Operations,Logistics Manager,67583,3,2.6,2.9,54,1,No
EMP0402,28,HR,HR Specialist,36863,2,4.3,4.0,52,1,Yes
EMP0403,47,Operations,Operations Analyst,73623,20,3.8,4.7,49,5,No
EMP0404,38,Sales,Account Manager,71601,16,2.9,1.2,49,6,No
EMP0405,32,Operations,Operations Analyst,55012,8,3.1,2.3,65,3,Yes
EMP0406,35,Finance,Financial Analyst,75069,5,1.5,1.3,49,2,No
EMP0407,43,Operations,Logistics Manager,62765,11,1.3,2.3,40,3,No
EMP0408,39,Engineering,DevOps Engineer,45698,11,3.0,4.1,40,2,No
EMP0409,44,Finance,Accountant,83550,6,2.0,2.7,43,0,No
EMP0410,39,Sales,Sales Representative,84233,13,4.5,1.9,32,7,No
EMP0411,44,Operations,Supply Chain Specialist,40997,21,1.7,3.2,43,3,No
EMP0412,33,Sales,Account Manager,87400,1,1.3,3.7,31,1,Yes
EMP0413,53,Operations,Operations Analyst,66578,14,4.6,3.5,51,2,No
EMP0414,36,Finance,Finance Manager,56735,3,1.9,3.5,57,0,No
EMP0415,48,Marketing,Marketing Analyst,52233,6,1.8,4.1,42,2,Yes
EMP0416,58,Finance,Accountant,60129,15,2.6,3.5,40,4,No
EMP0417,32,Sales,Account Manager,98693,9,1.9,3.5,36,2,No
EMP0418,40,Marketing,Marketing Analyst,39882,18,2.0,3.5,31,8,Yes
EMP0419,37,Finance,Accountant,44830,11,2.5,3.7,37,5,No
EMP0420,30,Operations,Operations Analyst,55138,3,3.8,3.6,45,0,No
EMP0421,55,HR,HR Manager,65124,22,3.3,4.2,48,9,No
EMP0422,52,Finance,Finance Manager,64461,25,1.2,4.9,55,7,No
EMP0423,25,Marketing,Brand Manager,56492,2,5.0,2.9,48,0,No
EMP0424,59,Sales,Account Manager,65566,26,2.1,1.7,40,3,No
EMP0425,40,Marketing,Content Strategist,40614,3,3.4,3.3,46,2,No
EMP0426,28,Engineering,Software Engineer,73576,1,1.2,4.7,44,0,No
EMP0427,42,Engineering,Software Engineer,66491,17,4.3,3.8,43,6,No
EMP0428,55,Finance,Financial Analyst,96469,20,2.6,2.0,43,9,No
EMP0429,38,Operations,Supply Chain Specialist,99766,4,2.6,1.7,63,3,Yes
EMP0430,26,HR,Recruiter,65303,1,1.5,4.4,39,1,No
EMP0431,36,Finance,Financial Analyst,89065,11,3.3,2.4,44,3,Yes
EMP0432,43,HR,Recruiter,79441,17,4.5,2.0,55,6,No
EMP0433,39,HR,HR Manager,99173,4,4.3,2.3,46,1,Yes
EMP0434,59,Finance,Financial Analyst,57357,22,2.4,2.3,40,9,No
EMP0435,55,HR,HR Manager,66603,5,2.1,2.6,44,3,No
EMP0436,24,Operations,Logistics Manager,48669,0,3.5,3.2,36,0,No
EMP0437,40,Engineering,Data Analyst,37158,4,4.5,4.5,45,1,No
EMP0438,52,Operations,Supply Chain Specialist,90658,23,4.4,4.4,45,5,No
EMP0439,47,Finance,Finance Manager,78741,21,2.2,2.8,40,10,No
EMP0440,32,Marketing,Content Strategist,63682,6,3.9,2.8,34,0,No
EMP0441,27,Marketing,Content Strategist,66903,0,1.2,2.8,38,0,No
EMP0442,32,Engineering,Software Engineer,47940,5,4.1,4.2,47,1,No
EMP0443,54,Marketing,Marketing Analyst,47758,21,4.3,1.3,51,7,No
EMP0444,51,Sales,Account Manager,40609,12,3.6,4.5,44,3,No
EMP0445,59,Sales,Sales Lead,62916,4,4.3,3.8,49,0,No
EMP0446,25,Marketing,Content Strategist,41986,1,4.7,1.1,37,0,No
EMP0447,52,Marketing,Brand Manager,69746,5,3.6,1.5,53,4,No
EMP0448,31,Sales,Account Manager,57686,4,4.1,4.8,54,1,No
EMP0449,24,Operations,Operations Analyst,80778,1,4.0,3.8,49,0,Yes
EMP0450,36,Marketing,Content Strategist,68582,10,4.9,4.9,39,5,No
EMP0451,28,Engineering,Software Engineer,71037,5,1.2,4.4,50,1,No
EMP0452,31,Operations,Logistics Manager,50100,5,1.7,1.2,41,2,Yes
EMP0453,35,Operations,Supply Chain Specialist,36857,4,3.4,2.1,34,0,No
EMP0454,50,HR,HR Manager,66406,4,2.1,3.8,50,1,No
EMP0455,46,Sales,Account Manager,79635,21,2.3,4.1,31,7,No
EMP0456,51,Marketing,Marketing Analyst,70409,8,1.7,1.9,38,3,No
EMP0457,38,Finance,Finance Manager,69437,14,3.4,4.0,37,5,No
EMP0458,24,HR,HR Manager,55671,2,4.8,1.8,47,1,No
EMP0459,22,Marketing,Marketing Analyst,44515,0,4.3,2.3,44,0,No
EMP0460,22,Sales,Sales Lead,56390,0,2.8,3.9,37,0,No
EMP0461,39,Finance,Financial Analyst,53594,17,1.9,1.9,37,1,Yes
EMP0462,38,Sales,Sales Representative,37041,15,2.7,2.4,45,1,No
EMP0463,41,Engineering,DevOps Engineer,64333,1,4.6,2.5,42,0,No
EMP0464,26,Finance,Finance Manager,57697,0,4.8,4.8,37,0,No
EMP0465,57,Engineering,Software Engineer,52550,3,1.0,1.7,49,0,Yes
EMP0466,36,Sales,Sales Representative,52205,12,1.4,4.6,30,4,No
EMP0467,41,Sales,Sales Lead,77049,15,4.9,4.7,35,6,No
EMP0468,24,Finance,Financial Analyst,45012,1,2.4,4.9,43,0,No
EMP0469,56,Marketing,Brand Manager,68086,22,3.9,4.1,37,6,No
EMP0470,27,Operations,Supply Chain Specialist,62857,5,2.9,4.3,45,3,No
EMP0471,55,Sales,Sales Lead,67623,25,1.1,3.6,36,10,Yes
EMP0472,48,HR,HR Manager,40540,7,3.1,1.8,60,2,No
EMP0473,37,Engineering,DevOps Engineer,36898,6,2.4,2.8,41,0,No
EMP0474,36,Marketing,Content Strategist,60828,12,1.2,3.8,41,3,No
EMP0475,23,Engineering,Data Analyst,75885,0,1.3,1.9,56,0,Yes
EMP0476,27,Operations,Logistics Manager,104310,1,3.2,1.5,49,0,Yes
EMP0477,31,Marketing,Marketing Analyst,54993,4,2.9,4.4,44,2,No
EMP0478,27,Sales,Sales Lead,48940,0,2.2,4.8,58,0,No
EMP0479,25,Engineering,Data Analyst,42482,0,3.0,1.1,43,0,No
EMP0480,57,HR,Recruiter,39258,10,2.0,2.1,50,2,No
EMP0481,45,HR,Recruiter,65857,22,3.6,4.0,44,5,No
EMP0482,27,HR,Recruiter,79105,3,4.6,1.3,44,3,No
EMP0483,30,Operations,Operations Analyst,62528,4,3.3,3.6,35,0,No
EMP0484,23,HR,HR Manager,74456,1,3.7,4.3,45,0,No
EMP0485,59,Marketing,Brand Manager,60697,19,4.1,2.9,60,5,No
EMP0486,26,Finance,Accountant,32699,1,4.2,4.3,50,1,No
EMP0487,29,Operations,Operations Analyst,99977,7,1.4,2.7,61,2,Yes
EMP0488,44,Finance,Financial Analyst,30054,17,4.2,1.9,55,7,Yes
EMP0489,50,Sales,Account Manager,65091,22,1.3,1.8,53,9,No
EMP0490,53,Engineering,Software Engineer,67965,28,4.6,3.4,46,11,No
EMP0491,42,HR,HR Specialist,35908,17,1.7,3.0,37,4,No
EMP0492,22,Engineering,DevOps Engineer,38675,0,4.3,3.7,64,0,Yes
EMP0493,45,Sales,Sales Lead,62875,9,1.9,1.5,31,3,Yes
EMP0494,58,Operations,Logistics Manager,25000,25,1.2,3.9,41,8,No
EMP0495,58,HR,HR Specialist,55998,14,2.3,3.5,46,7,No
EMP0496,35,Sales,Sales Lead,70381,5,1.7,3.9,37,2,No
EMP0497,42,HR,Recruiter,39069,19,2.5,2.0,38,4,Yes
EMP0498,38,HR,HR Specialist,25000,10,3.9,3.0,51,2,No
EMP0499,45,Operations,Logistics Manager,52145,5,1.4,1.8,43,1,No
EMP0500,33,Engineering,Data Analyst,62420,8,1.0,4.6,48,4,No
EMP0501,29,Finance,Accountant,84178,3,4.2,1.6,39,0,No
EMP0502,55,Engineering,Software Engineer,41970,6,2.5,1.4,49,1,No
EMP0503,28,Sales,Sales Representative,62253,5,1.7,2.5,51,6,No
EMP0504,39,Sales,Sales Representative,68947,8,3.9,1.3,40,2,Yes
EMP0505,40,Finance,Finance Manager,98751,14,1.8,2.8,30,6,No
EMP0506,31,Marketing,Marketing Analyst,87970,1,4.4,3.2,57,1,Yes
EMP0507,53,Finance,Financial Analyst,61687,4,1.3,2.2,37,5,No
EMP0508,43,Operations,Logistics Manager,38736,10,3.3,3.0,48,0,Yes
EMP0509,38,Finance,Finance Manager,100860,0,2.1,2.1,47,0,No
EMP0510,42,Marketing,Marketing Analyst,64998,20,3.8,2.4,40,7,No
EMP0511,57,Operations,Logistics Manager,42843,6,1.5,2.7,43,3,No
EMP0512,44,Operations,Supply Chain Specialist,63975,3,2.7,3.8,46,0,No
EMP0513,47,Finance,Finance Manager,39707,7,4.4,4.6,39,2,No
EMP0514,33,Engineering,Data Analyst,70169,4,4.6,1.8,43,0,No
EMP0515,26,Marketing,Content Strategist,50615,4,2.0,2.8,45,2,No
EMP0516,29,Sales,Account Manager,76227,0,1.6,2.8,56,0,No
EMP0517,50,HR,HR Manager,53485,17,2.3,3.0,50,5,No
EMP0518,39,Finance,Financial Analyst,66128,14,2.9,1.2,45,5,No
EMP0519,31,Operations,Supply Chain Specialist,43827,7,3.5,3.7,44,5,No
EMP0520,58,Operations,Supply Chain Specialist,25805,17,3.4,1.2,40,1,No
EMP0521,24,Operations,Operations Analyst,57697,2,2.1,3.7,42,1,No
EMP0522,48,Sales,Sales Representative,42181,26,2.8,4.2,50,12,No
EMP0523,33,HR,HR Manager,39966,9,2.6,2.8,51,3,No
EMP0524,45,Engineering,DevOps Engineer,61806,10,2.1,3.2,42,3,No
EMP0525,32,Sales,Sales Lead,63702,1,3.9,3.5,33,0,No
EMP0526,38,Marketing,Marketing Analyst,53222,11,2.4,4.4,46,2,No
EMP0527,40,Engineering,DevOps Engineer,45528,5,3.9,3.5,44,2,No
EMP0528,54,Engineering,Software Engineer,36646,0,2.8,2.3,45,0,Yes
EMP0529,24,Finance,Financial Analyst,72575,1,3.4,3.4,42,0,No
EMP0530,42,Finance,Accountant,34330,12,4.0,3.2,55,5,No
EMP0531,40,HR,HR Specialist,25000,0,2.4,3.9,45,0,Yes
EMP0532,35,Marketing,Brand Manager,78185,7,2.9,2.6,57,1,No
EMP0533,42,HR,HR Specialist,62071,19,2.9,2.0,33,6,No
EMP0534,45,Sales,Account Manager,95695,14,1.5,2.6,45,7,No
EMP0535,54,Finance,Finance Manager,104247,12,2.4,4.6,48,3,No
EMP0536,32,Operations,Supply Chain Specialist,43265,3,4.6,2.7,49,0,No
EMP0537,41,Engineering,Data Analyst,36237,1,1.3,3.9,45,0,Yes
EMP0538,42,HR,Recruiter,47103,19,1.3,4.7,52,6,No
EMP0539,47,Marketing,Content Strategist,102288,1,1.9,4.5,48,0,No
EMP0540,49,Sales,Account Manager,72103,10,4.2,2.7,40,3,No
EMP0541,23,Marketing,Content Strategist,91474,0,2.5,2.2,48,0,No
EMP0542,30,Engineering,Software Engineer,100273,3,4.6,1.4,49,0,No
EMP0543,30,Finance,Accountant,57419,5,1.9,2.2,38,1,No
EMP0544,38,Marketing,Marketing Analyst,56396,7,1.9,4.7,55,1,No
EMP0545,39,Engineering,Software Engineer,68177,1,4.2,3.6,40,1,No
EMP0546,36,Engineering,DevOps Engineer,27809,2,3.2,2.2,39,0,Yes
EMP0547,27,Engineering,DevOps Engineer,44565,1,1.7,2.1,41,2,Yes
EMP0548,49,Sales,Sales Representative,38923,3,2.7,2.1,48,1,No
EMP0549,39,Sales,Sales Lead,72402,0,2.3,3.9,30,0,No
EMP0550,54,Engineering,Data Analyst,25298,1,1.5,1.4,37,0,Yes
EMP0551,44,Finance,Finance Manager,52603,15,1.4,3.3,42,8,No
EMP0552,41,Engineering,DevOps Engineer,38075,15,1.9,4.7,44,8,Yes
EMP0553,29,Finance,Financial Analyst,53352,7,2.3,4.7,53,2,No
EMP0554,39,HR,HR Specialist,33385,17,3.4,1.3,30,4,Yes
EMP0555,46,HR,Recruiter,31585,7,1.9,4.5,56,2,No
EMP0556,23,Engineering,Data Analyst,50635,1,2.7,3.9,39,0,No
EMP0557,23,HR,HR Specialist,71735,1,2.1,4.1,39,0,No
EMP0558,31,HR,Recruiter,102420,5,3.0,2.9,43,3,No
EMP0559,51,Sales,Account Manager,46279,24,1.2,3.6,40,8,No
EMP0560,29,Operations,Supply Chain Specialist,64304,3,2.6,4.7,51,0,No
EMP0561,34,Finance,Finance Manager,94091,12,3.8,3.6,36,2,No
EMP0562,34,HR,HR Specialist,81803,12,3.0,2.2,39,4,No
EMP0563,34,Operations,Logistics Manager,66383,10,1.4,2.9,43,4,No
EMP0564,51,Operations,Operations Analyst,94805,26,4.6,4.4,39,7,No
EMP0565,45,Finance,Accountant,63308,18,4.7,4.3,33,5,No
EMP0566,24,Engineering,Data Analyst,38964,1,3.8,4.3,30,0,No
EMP0567,26,HR,HR Specialist,35208,2,3.1,1.0,32,0,Yes
EMP0568,47,HR,HR Specialist,75005,1,2.2,4.4,38,0,No
EMP0569,25,HR,Recruiter,47838,0,3.5,2.8,51,0,No
EMP0570,51,Operations,Logistics Manager,72015,11,3.0,1.1,32,5,No
EMP0571,56,Marketing,Marketing Analyst,25000,18,1.5,4.2,30,9,No
EMP0572,56,HR,Recruiter,40401,22,3.5,1.3,30,10,Yes
EMP0573,43,HR,HR Manager,92586,14,2.8,1.2,44,6,No
EMP0574,41,Sales,Account Manager,69723,14,2.7,3.9,42,6,No
EMP0575,43,Finance,Finance Manager,49780,18,1.3,2.1,30,6,No
EMP0576,30,Engineering,Software Engineer,77224,6,3.6,2.9,50,1,No
EMP0577,42,Operations,Logistics Manager,80938,0,2.0,2.1,34,0,No
EMP0578,36,Operations,Supply Chain Specialist,75210,5,3.9,2.6,31,3,No
EMP0579,49,Operations,Logistics Manager,57869,25,4.5,2.5,32,9,No
EMP0580,52,Sales,Sales Representative,25394,2,3.0,3.4,55,1,No
EMP0581,24,Marketing,Brand Manager,42866,2,2.9,2.1,39,1,No
EMP0582,40,Operations,Logistics Manager,48716,4,2.5,4.2,33,1,No
EMP0583,57,Operations,Logistics Manager,94220,26,4.8,4.6,49,10,No
EMP0584,30,Finance,Accountant,79474,8,3.6,2.7,47,3,No
EMP0585,48,Operations,Logistics Manager,57329,6,4.2,4.4,46,3,No
EMP0586,47,Finance,Finance Manager,79945,15,2.6,2.3,40,2,No
EMP0587,57,Sales,Sales Representative,64188,1,2.7,4.1,40,1,Yes
EMP0588,49,Marketing,Brand Manager,86066,0,4.4,4.7,45,0,No
EMP0589,45,Engineering,Software Engineer,59642,5,1.6,4.9,37,0,No
EMP0590,23,Marketing,Content Strategist,56084,0,2.1,4.6,36,0,Yes
EMP0591,24,Finance,Accountant,79330,2,1.1,4.9,39,1,No
EMP0592,37,Operations,Operations Analyst,52886,13,4.5,1.9,38,6,Yes
EMP0593,56,Engineering,DevOps Engineer,60588,20,4.3,2.4,35,6,No
EMP0594,47,HR,HR Specialist,67576,24,2.8,3.2,50,9,No
EMP0595,45,Engineering,Software Engineer,33679,2,3.7,3.7,39,0,No
EMP0596,23,Marketing,Brand Manager,30586,1,4.6,1.1,51,0,No
EMP0597,35,Marketing,Content Strategist,75556,11,1.5,1.1,49,3,No
EMP0598,57,Operations,Operations Analyst,67166,26,2.7,2.8,35,8,No
EMP0599,25,Sales,Sales Representative,53980,2,3.7,3.7,39,0,No
EMP0600,52,Marketing,Content Strategist,46857,26,2.1,1.5,39,7,No
EMP0601,42,HR,HR Manager,99184,8,3.0,1.4,41,6,Yes
EMP0602,34,Finance,Financial Analyst,69019,5,3.5,2.3,53,1,No
EMP0603,54,Engineering,Data Analyst,55612,12,1.4,1.2,45,3,No
EMP0604,28,Marketing,Brand Manager,26954,6,3.3,4.4,36,0,Yes
EMP0605,49,Marketing,Marketing Analyst,63429,7,4.9,2.1,30,3,No
EMP0606,29,Engineering,Software Engineer,59311,3,4.8,4.1,32,1,No
EMP0607,30,Engineering,Data Analyst,83698,2,3.6,4.8,37,3,No
EMP0608,42,Sales,Sales Lead,55148,18,2.8,3.0,46,4,No
EMP0609,41,HR,Recruiter,28491,9,4.8,3.4,43,2,No
EMP0610,58,Engineering,DevOps Engineer,69505,12,1.9,3.3,60,2,No
EMP0611,45,Marketing,Brand Manager,57826,7,3.2,1.6,41,1,Yes
EMP0612,37,HR,HR Specialist,80268,10,2.6,1.0,54,3,No
EMP0613,22,HR,HR Specialist,73223,0,1.2,4.4,44,0,No
EMP0614,29,Engineering,DevOps Engineer,75287,2,2.2,1.7,38,1,No
EMP0615,37,Marketing,Marketing Analyst,30032,14,1.8,2.3,54,4,Yes
EMP0616,48,Engineering,Software Engineer,71461,24,1.4,3.9,36,7,No
EMP0617,26,Operations,Supply Chain Specialist,57784,2,3.5,1.2,42,0,No
EMP0618,58,Engineering,Data Analyst,74098,28,1.5,2.9,55,8,No
EMP0619,28,Engineering,DevOps Engineer,85916,6,3.0,2.4,49,2,No
EMP0620,53,Marketing,Marketing Analyst,60171,12,4.7,3.1,47,3,No
EMP0621,51,HR,HR Specialist,44564,6,3.5,3.9,40,2,No
EMP0622,54,HR,HR Manager,84040,8,4.6,2.1,43,2,No
EMP0623,40,Finance,Finance Manager,59816,14,1.1,1.4,43,4,Yes
EMP0624,23,Operations,Logistics Manager,49986,0,2.6,1.7,46,0,Yes
EMP0625,59,Marketing,Content Strategist,93727,15,2.9,4.2,39,6,No
EMP0626,47,Operations,Operations Analyst,48081,23,1.1,4.7,44,10,Yes
EMP0627,28,Marketing,Brand Manager,89452,0,4.4,3.6,46,0,No
EMP0628,43,Operations,Operations Analyst,69110,0,1.9,4.0,43,0,No
EMP0629,34,Operations,Supply Chain Specialist,50314,9,4.5,1.1,44,4,No
EMP0630,54,HR,HR Specialist,73134,3,1.8,1.6,46,2,Yes
EMP0631,34,Marketing,Marketing Analyst,60845,11,4.4,2.0,31,4,No
EMP0632,53,Sales,Sales Representative,33707,17,3.9,2.8,30,5,No
EMP0633,59,Finance,Accountant,56859,20,3.4,3.8,35,8,No
EMP0634,51,Marketing,Marketing Analyst,79627,9,2.2,3.0,50,2,No
EMP0635,52,HR,HR Manager,60811,15,2.6,2.5,42,7,No
EMP0636,43,Operations,Operations Analyst,32783,3,4.0,1.4,30,1,No
EMP0637,39,HR,HR Manager,113662,14,4.3,2.1,39,5,No
EMP0638,54,HR,Recruiter,74001,18,2.9,1.2,51,7,No
EMP0639,50,Engineering,Software Engineer,95340,25,3.8,1.7,36,10,Yes
EMP0640,34,HR,HR Manager,61682,12,3.6,1.8,40,7,Yes
EMP0641,59,Operations,Supply Chain Specialist,79343,15,1.6,1.2,48,5,Yes
EMP0642,47,Operations,Operations Analyst,39207,18,4.6,3.1,48,6,No
EMP0643,34,Finance,Accountant,88607,12,4.4,3.6,43,3,No
EMP0644,41,HR,HR Manager,47672,17,4.7,3.3,47,4,No
EMP0645,34,Finance,Financial Analyst,73812,3,4.1,2.9,36,1,No
EMP0646,24,Sales,Sales Lead,31477,1,2.6,4.3,41,0,No
EMP0647,39,Operations,Supply Chain Specialist,66980,9,4.4,4.1,47,3,No
EMP0648,47,Sales,Account Manager,65494,14,4.2,2.1,41,6,No
EMP0649,29,HR,Recruiter,32383,3,4.4,1.5,54,1,No
EMP0650,28,Engineering,Data Analyst,49763,0,2.0,1.5,49,0,No
EMP0651,44,Sales,Sales Representative,72485,8,3.3,2.5,33,2,No
EMP0652,37,Finance,Financial Analyst,67914,3,3.9,1.2,46,2,No
EMP0653,32,Operations,Logistics Manager,54871,7,3.3,4.3,34,2,No
EMP0654,57,Sales,Sales Lead,89562,1,1.5,4.1,53,0,No
EMP0655,23,Finance,Finance Manager,78473,0,3.4,4.2,40,0,No
EMP0656,25,Marketing,Brand Manager,45012,0,2.0,4.4,42,0,Yes
EMP0657,33,Sales,Sales Representative,38676,1,4.2,1.5,66,0,Yes
EMP0658,48,Marketing,Content Strategist,55503,9,2.6,1.1,52,2,No
EMP0659,46,HR,HR Manager,39120,18,4.6,1.4,49,9,Yes
EMP0660,52,Operations,Supply Chain Specialist,90660,18,1.8,2.0,54,5,No
EMP0661,40,Engineering,DevOps Engineer,44679,9,2.0,4.7,41,4,No
EMP0662,37,Engineering,Data Analyst,36360,7,3.3,1.3,52,1,No
EMP0663,58,Marketing,Content Strategist,48717,25,1.2,2.2,42,4,No
EMP0664,40,Finance,Accountant,80743,14,4.5,1.8,37,4,Yes
EMP0665,27,Operations,Supply Chain Specialist,55439,3,4.2,3.4,33,0,No
EMP0666,26,HR,Recruiter,83700,3,3.9,2.8,34,1,No
EMP0667,56,HR,HR Manager,72048,19,3.9,1.8,49,4,No
EMP0668,52,Marketing,Content Strategist,35535,26,3.4,3.8,56,7,No
EMP0669,45,Engineering,Data Analyst,70781,8,1.5,4.6,49,5,No
EMP0670,56,Finance,Accountant,55550,28,4.3,4.2,45,5,No
EMP0671,44,HR,HR Manager,56400,9,1.3,1.7,50,1,Yes
EMP0672,58,Engineering,Data Analyst,72893,29,3.8,3.2,36,7,No
EMP0673,42,Engineering,Data Analyst,72361,10,1.4,2.7,48,8,No
EMP0674,58,Engineering,Data Analyst,79595,20,4.9,4.5,55,7,No
EMP0675,29,HR,HR Manager,34210,2,3.7,4.4,45,0,No
EMP0676,46,Finance,Financial Analyst,64088,11,1.4,4.8,38,9,No
EMP0677,28,Marketing,Content Strategist,61220,4,2.5,2.8,32,2,No
EMP0678,29,Finance,Finance Manager,70252,7,2.5,2.9,39,4,No
EMP0679,34,Marketing,Marketing Analyst,46573,5,4.4,4.8,46,1,No
EMP0680,36,HR,HR Manager,26624,13,3.4,2.0,47,5,No
EMP0681,36,Marketing,Marketing Analyst,68960,8,1.8,4.0,41,5,No
EMP0682,54,HR,Recruiter,51055,11,1.7,4.5,31,3,No
EMP0683,34,Operations,Operations Analyst,78721,11,1.4,3.1,51,3,No
EMP0684,48,Marketing,Content Strategist,34993,0,2.3,2.7,46,0,Yes
EMP0685,50,Operations,Logistics Manager,75491,26,2.2,1.7,46,12,No
EMP0686,25,Engineering,DevOps Engineer,81450,0,4.6,1.1,56,0,No
EMP0687,49,Engineering,Software Engineer,58489,13,4.5,3.3,53,7,No
EMP0688,42,Marketing,Marketing Analyst,93629,14,1.3,3.4,37,10,No
EMP0689,51,Engineering,Data Analyst,47241,3,5.0,2.1,37,0,No
EMP0690,39,Engineering,Data Analyst,54709,2,2.9,2.9,47,2,No
EMP0691,59,HR,HR Manager,93353,3,1.0,4.7,53,0,No
EMP0692,47,Engineering,DevOps Engineer,74373,20,1.6,2.8,48,9,No
EMP0693,48,Finance,Accountant,44624,14,4.4,3.3,47,7,No
EMP0694,59,Marketing,Marketing Analyst,77801,12,4.2,2.8,40,5,No
EMP0695,28,Sales,Sales Representative,41793,0,1.8,2.7,50,0,No
EMP0696,55,Operations,Logistics Manager,93846,24,1.8,1.6,30,8,Yes
EMP0697,49,Operations,Supply Chain Specialist,59854,25,1.9,1.2,35,5,No
EMP0698,38,HR,HR Manager,33094,3,3.4,3.1,53,0,No
EMP0699,49,Sales,Sales Lead,37576,9,2.4,3.5,30,6,No
EMP0700,56,Finance,Accountant,83118,9,3.9,4.8,53,4,No
EMP0701,29,HR,Recruiter,25000,7,1.5,2.7,36,1,No
EMP0702,33,Sales,Sales Representative,35110,8,2.0,1.7,48,3,Yes
EMP0703,51,Operations,Operations Analyst,43103,27,3.4,1.3,38,6,No
EMP0704,37,Operations,Operations Analyst,53412,9,4.1,2.4,40,2,No
EMP0705,56,Marketing,Content Strategist,53561,20,4.9,3.0,38,4,No
EMP0706,50,Sales,Sales Representative,25000,18,1.6,3.2,44,6,Yes
EMP0707,54,Operations,Logistics Manager,73557,0,2.4,3.3,58,0,No
EMP0708,27,Marketing,Content Strategist,55153,5,2.5,3.1,36,2,No
EMP0709,39,Operations,Logistics Manager,60079,12,3.3,4.7,40,3,No
EMP0710,26,Finance,Accountant,64952,2,3.6,1.2,45,1,Yes
EMP0711,29,Finance,Accountant,96856,6,1.4,2.8,34,3,No
EMP0712,29,Marketing,Brand Manager,97374,2,3.5,3.9,41,0,No
EMP0713,32,HR,Recruiter,68188,10,4.7,4.8,41,3,No
EMP0714,25,Engineering,DevOps Engineer,51950,3,1.7,4.4,35,0,No
EMP0715,54,Engineering,Data Analyst,25000,22,1.6,2.4,47,5,Yes
EMP0716,35,Sales,Account Manager,104878,5,4.3,2.8,30,2,No
EMP0717,44,Engineering,Data Analyst,58879,13,1.9,1.7,47,5,Yes
EMP0718,56,Finance,Financial Analyst,56011,13,4.5,4.1,48,5,No
EMP0719,25,Marketing,Marketing Analyst,79355,1,3.4,4.4,48,0,No
EMP0720,46,Engineering,DevOps Engineer,79680,24,3.9,3.3,58,4,No
EMP0721,34,Engineering,Data Analyst,32300,6,4.0,4.1,39,2,No
EMP0722,38,HR,Recruiter,44412,2,2.4,2.9,39,0,No
EMP0723,38,Marketing,Marketing Analyst,61061,7,3.9,2.7,51,2,No
EMP0724,44,HR,HR Specialist,42450,0,1.3,1.2,33,0,Yes
EMP0725,27,HR,Recruiter,28141,0,3.7,4.2,51,0,Yes
EMP0726,48,Finance,Finance Manager,87828,24,2.5,1.5,45,4,No
EMP0727,38,Sales,Account Manager,55786,12,2.7,2.7,36,7,No
EMP0728,39,Engineering,Software Engineer,39716,5,3.3,4.8,53,3,No
EMP0729,30,Operations,Operations Analyst,62160,1,1.4,3.6,31,1,No
EMP0730,34,Engineering,Software Engineer,75797,6,4.0,2.8,50,4,No
EMP0731,42,Finance,Accountant,62480,9,4.5,2.2,60,2,No
EMP0732,56,Finance,Finance Manager,46013,6,2.2,1.6,48,2,No
EMP0733,24,Marketing,Brand Manager,80400,0,2.6,3.6,61,0,No
EMP0734,51,Sales,Sales Representative,74948,29,2.6,4.8,47,14,No
EMP0735,42,Marketing,Content Strategist,25000,5,2.6,2.6,36,2,Yes
EMP0736,32,Engineering,Software Engineer,46886,9,2.0,3.2,36,2,No
EMP0737,38,HR,HR Specialist,42322,10,2.1,2.8,42,0,No
EMP0738,41,Engineering,Software Engineer,105015,2,4.7,1.0,54,0,Yes
EMP0739,47,Engineering,Data Analyst,50642,16,5.0,1.9,60,8,No
EMP0740,54,HR,Recruiter,58338,9,3.4,2.9,50,2,No
EMP0741,33,HR,HR Manager,57057,5,1.1,2.3,39,3,Yes
EMP0742,34,HR,HR Specialist,56110,7,3.0,3.1,55,2,No
EMP0743,24,Finance,Finance Manager,50826,1,3.5,2.4,48,0,No
EMP0744,43,Sales,Sales Representative,37195,2,1.9,2.8,45,0,Yes
EMP0745,48,Operations,Operations Analyst,91386,7,4.5,1.9,39,4,Yes
EMP0746,24,Marketing,Brand Manager,82994,1,1.2,2.2,48,0,Yes
EMP0747,47,Operations,Logistics Manager,101727,7,2.5,3.9,47,2,No
EMP0748,57,Operations,Operations Analyst,68714,5,4.7,4.4,48,2,No
EMP0749,34,Sales,Sales Representative,28794,1,3.7,3.5,61,0,No
EMP0750,57,Finance,Financial Analyst,84214,0,3.0,4.0,44,0,No
EMP0751,33,Sales,Account Manager,50973,5,2.1,2.4,36,2,Yes
EMP0752,48,Engineering,DevOps Engineer,66122,19,3.5,2.7,43,8,No
EMP0753,26,Engineering,Software Engineer,64177,4,2.2,2.8,45,3,Yes
EMP0754,57,HR,HR Manager,40697,0,2.6,3.2,31,0,No
EMP0755,49,Engineering,Data Analyst,70633,20,1.7,4.4,48,9,No
EMP0756,34,Sales,Sales Lead,57802,11,3.8,2.6,43,2,No
EMP0757,47,Engineering,DevOps Engineer,54481,6,3.2,4.8,31,3,No
EMP0758,25,HR,Recruiter,25000,3,1.7,4.4,49,0,No
EMP0759,51,Engineering,Data Analyst,54757,29,3.4,1.3,44,7,No
EMP0760,55,Marketing,Brand Manager,46384,16,2.1,4.7,45,6,No
EMP0761,55,Operations,Logistics Manager,60715,13,3.3,1.5,43,5,Yes
EMP0762,52,Sales,Sales Representative,64430,20,2.8,2.8,40,8,No
EMP0763,37,Finance,Accountant,48824,4,1.4,2.2,42,4,Yes
EMP0764,41,Marketing,Brand Manager,38815,14,3.6,2.9,40,6,No
EMP0765,59,Marketing,Content Strategist,64109,14,2.2,1.6,38,5,No
EMP0766,34,Sales,Sales Representative,42421,11,2.9,4.9,33,4,No
EMP0767,32,HR,HR Specialist,79761,8,1.3,1.3,58,1,No
EMP0768,26,Operations,Logistics Manager,72197,1,1.5,4.8,44,1,No
EMP0769,41,Marketing,Marketing Analyst,74798,9,4.3,1.3,58,3,No
EMP0770,36,Sales,Sales Representative,72942,1,2.4,3.9,36,0,No
EMP0771,42,HR,Recruiter,37148,15,1.5,4.8,46,6,No
EMP0772,44,Engineering,Data Analyst,60869,13,4.2,1.9,52,3,Yes
EMP0773,45,Sales,Sales Representative,67927,20,3.9,1.8,46,5,No
EMP0774,25,Operations,Operations Analyst,37462,0,4.7,2.1,53,0,No
EMP0775,40,Operations,Operations Analyst,59713,7,3.0,2.3,41,1,No
EMP0776,50,HR,HR Specialist,66899,6,3.0,4.8,30,3,No
EMP0777,23,Sales,Sales Lead,27874,1,2.1,1.2,48,0,No
EMP0778,54,Marketing,Brand Manager,87043,27,3.1,3.7,30,9,No
EMP0779,24,Finance,Financial Analyst,25000,1,2.0,1.0,36,0,Yes
EMP0780,35,HR,HR Specialist,62866,4,3.1,1.5,44,1,Yes
EMP0781,48,Finance,Finance Manager,25000,13,3.2,1.8,39,4,Yes
EMP0782,57,Finance,Finance Manager,78768,24,2.8,3.9,51,7,No
EMP0783,58,Finance,Accountant,92907,5,3.0,3.5,40,2,No
EMP0784,37,Engineering,Software Engineer,80285,14,2.2,1.1,50,5,Yes
EMP0785,22,Sales,Account Manager,63919,0,4.8,1.0,40,0,No
EMP0786,23,Engineering,DevOps Engineer,71543,0,4.0,4.9,35,0,No
EMP0787,55,Sales,Sales Representative,71283,24,3.1,3.1,37,5,No
EMP0788,41,Engineering,Data Analyst,51916,8,2.0,3.1,45,0,Yes
EMP0789,22,Operations,Logistics Manager,56143,0,1.5,1.9,48,0,No
EMP0790,35,Finance,Accountant,88380,8,4.0,3.5,47,2,No
EMP0791,58,HR,Recruiter,25000,22,3.6,3.9,45,8,No
EMP0792,26,Finance,Financial Analyst,68345,1,2.4,1.5,41,2,No
EMP0793,38,Finance,Financial Analyst,84165,8,3.0,3.6,30,1,No
EMP0794,35,Operations,Operations Analyst,25000,1,1.6,4.4,50,0,No
EMP0795,58,Finance,Accountant,55803,13,2.2,4.1,44,4,No
EMP0796,32,Finance,Accountant,70213,0,4.3,3.3,57,0,No
EMP0797,47,HR,HR Specialist,64272,19,1.9,1.8,34,13,No
EMP0798,37,Engineering,Data Analyst,40002,13,4.8,1.5,62,1,Yes
EMP0799,54,Marketing,Marketing Analyst,34497,28,3.3,3.6,50,14,No
EMP0800,25,Marketing,Brand Manager,58760,1,3.3,4.7,51,0,No
EMP0801,31,Sales,Sales Lead,36890,6,3.4,3.3,50,2,No
EMP0802,23,Marketing,Content Strategist,39029,0,3.3,4.3,34,0,No
EMP0803,28,Engineering,Software Engineer,25000,3,2.6,3.5,39,0,No
EMP0804,38,Finance,Accountant,57750,15,3.7,2.3,32,6,No
EMP0805,53,Engineering,Software Engineer,68208,3,2.5,1.2,43,2,No
EMP0806,52,Sales,Sales Lead,89513,10,2.7,4.9,30,4,No
EMP0807,44,Engineering,Software Engineer,86212,11,1.0,4.9,54,7,No
EMP0808,24,Finance,Financial Analyst,90626,1,3.5,1.9,47,0,No
EMP0809,37,Finance,Financial Analyst,78195,12,2.6,3.1,44,5,No
EMP0810,29,Marketing,Content Strategist,68231,2,3.7,4.0,37,0,No
EMP0811,58,HR,HR Specialist,31689,25,4.9,2.1,52,8,No
EMP0812,39,Operations,Operations Analyst,33278,16,2.4,2.9,53,6,No
EMP0813,41,Marketing,Brand Manager,61710,14,2.3,1.7,31,1,No
EMP0814,35,HR,HR Specialist,44029,1,4.0,1.1,46,0,No
EMP0815,34,HR,HR Manager,42579,7,1.8,1.4,60,1,No
EMP0816,45,Engineering,Data Analyst,50807,19,2.2,2.2,46,9,No
EMP0817,37,Finance,Financial Analyst,40573,11,1.5,2.8,30,4,No
EMP0818,29,Engineering,Data Analyst,52011,5,1.9,2.9,44,3,No
EMP0819,31,Operations,Logistics Manager,89689,0,3.0,4.4,34,0,No
EMP0820,34,Engineering,Software Engineer,60348,1,3.7,1.3,41,0,No
EMP0821,48,Marketing,Marketing Analyst,76399,18,3.4,1.8,37,15,No
EMP0822,58,Sales,Sales Lead,50718,23,3.7,3.4,62,8,No
EMP0823,28,Engineering,DevOps Engineer,60949,3,2.3,3.9,30,1,No
EMP0824,23,HR,HR Specialist,70430,1,4.2,4.7,43,0,No
EMP0825,32,Operations,Logistics Manager,64976,6,3.7,3.7,40,2,No
EMP0826,33,Engineering,Data Analyst,86496,11,3.9,3.0,49,1,No
EMP0827,49,Marketing,Marketing Analyst,25000,15,4.7,4.3,34,2,Yes
EMP0828,44,Operations,Logistics Manager,76045,10,3.3,2.4,47,4,No
EMP0829,24,HR,HR Manager,69363,1,1.9,4.6,47,0,No
EMP0830,42,Engineering,Software Engineer,62005,15,3.1,2.9,43,4,No
EMP0831,47,Engineering,Data Analyst,48228,25,3.2,2.2,52,8,No
EMP0832,51,Sales,Account Manager,71101,24,2.7,3.0,47,8,No
EMP0833,59,Sales,Account Manager,72270,3,1.2,4.1,56,1,No
EMP0834,57,Finance,Accountant,54733,5,4.9,3.2,46,0,Yes
EMP0835,56,HR,HR Manager,68166,13,2.7,2.4,52,2,No
EMP0836,26,Finance,Finance Manager,57384,0,4.8,4.4,55,0,No
EMP0837,59,Engineering,Software Engineer,30028,11,3.6,2.6,57,2,Yes
EMP0838,41,Engineering,DevOps Engineer,44259,12,4.8,4.3,37,3,No
EMP0839,57,Operations,Supply Chain Specialist,81989,9,4.4,2.3,39,3,Yes
EMP0840,32,Engineering,Data Analyst,84893,1,2.6,2.7,51,0,No
EMP0841,53,Sales,Account Manager,44962,5,3.7,2.9,57,7,No
EMP0842,30,Engineering,Software Engineer,69101,4,4.6,1.6,45,1,No
EMP0843,35,HR,Recruiter,81364,1,3.7,1.8,48,0,No
EMP0844,48,Operations,Supply Chain Specialist,34278,15,3.8,4.1,39,3,No
EMP0845,47,Sales,Sales Representative,49357,17,3.4,1.7,41,3,Yes
EMP0846,44,HR,Recruiter,53666,14,2.8,3.1,55,4,No
EMP0847,26,Engineering,Software Engineer,93335,0,3.8,3.1,47,0,No
EMP0848,42,Operations,Supply Chain Specialist,56736,17,3.9,4.5,53,4,No
EMP0849,39,Marketing,Marketing Analyst,68663,4,1.3,1.7,48,1,No
EMP0850,30,Marketing,Brand Manager,49604,5,3.2,2.9,34,0,No
EMP0851,48,Finance,Finance Manager,51422,13,4.9,1.5,51,3,No
EMP0852,36,Engineering,DevOps Engineer,63002,12,3.5,4.4,50,6,No
EMP0853,29,Engineering,DevOps Engineer,35189,0,2.3,1.9,44,0,No
EMP0854,25,Operations,Logistics Manager,94674,2,3.0,1.1,54,0,Yes
EMP0855,57,Finance,Accountant,48714,7,3.6,4.6,40,1,No
EMP0856,35,Operations,Logistics Manager,92528,6,1.6,2.4,46,4,Yes
EMP0857,47,Finance,Accountant,52384,7,2.6,2.2,45,1,No
EMP0858,36,Operations,Supply Chain Specialist,81576,4,4.4,3.8,35,3,No
EMP0859,37,Engineering,Software Engineer,64677,9,2.5,4.7,54,4,No
EMP0860,23,Marketing,Content Strategist,38843,1,1.0,2.0,47,0,Yes
EMP0861,45,Engineering,DevOps Engineer,68958,16,3.5,1.8,47,6,No
EMP0862,39,Engineering,Software Engineer,53361,9,4.2,4.5,41,1,No
EMP0863,25,Operations,Operations Analyst,56492,1,2.5,4.3,44,0,No
EMP0864,48,Sales,Sales Lead,42285,8,1.0,2.0,40,4,No
EMP0865,22,Finance,Finance Manager,69167,0,2.5,4.4,36,0,No
EMP0866,46,HR,Recruiter,72992,24,2.9,1.9,39,9,Yes
EMP0867,31,Operations,Logistics Manager,40935,9,4.0,1.1,52,2,Yes
EMP0868,40,Marketing,Marketing Analyst,43273,6,4.8,1.9,47,3,No
EMP0869,36,Operations,Supply Chain Specialist,75583,12,1.8,4.8,50,5,Yes
EMP0870,43,Marketing,Content Strategist,80672,8,1.5,1.7,40,2,No
EMP0871,47,Engineering,Data Analyst,54866,20,2.5,4.1,40,10,No
EMP0872,25,Sales,Sales Lead,67805,3,3.0,1.1,39,3,Yes
EMP0873,37,HR,HR Specialist,61652,13,2.6,4.1,40,2,No
EMP0874,43,Marketing,Content Strategist,67821,19,3.7,4.9,38,6,No
EMP0875,40,Finance,Finance Manager,39762,1,3.7,2.7,44,1,Yes
EMP0876,39,Operations,Logistics Manager,77245,15,2.0,4.3,52,5,No
EMP0877,40,HR,HR Manager,75553,3,2.0,1.7,37,2,No
EMP0878,31,Engineering,Software Engineer,52316,1,3.1,3.4,38,1,No
EMP0879,44,Marketing,Marketing Analyst,54700,7,4.2,2.2,34,2,Yes
EMP0880,35,Finance,Accountant,26264,1,1.1,4.0,52,0,No
EMP0881,59,Sales,Sales Representative,35399,2,4.1,2.7,40,0,No
EMP0882,57,Finance,Accountant,90308,12,2.2,2.3,54,2,No
EMP0883,52,HR,HR Manager,66514,27,1.7,1.1,31,13,No
EMP0884,38,Operations,Supply Chain Specialist,75604,10,4.0,2.8,35,7,No
EMP0885,48,Finance,Finance Manager,67699,25,3.6,3.5,51,11,No
EMP0886,44,Sales,Sales Lead,56051,2,4.5,2.6,42,0,No
EMP0887,53,Operations,Operations Analyst,62861,9,1.3,3.8,41,0,No
EMP0888,27,Engineering,Software Engineer,32289,2,1.1,2.7,44,0,Yes
EMP0889,51,Operations,Logistics Manager,94886,11,4.7,3.8,50,2,No
EMP0890,50,Engineering,Data Analyst,36798,0,2.7,2.0,62,0,Yes
EMP0891,28,Engineering,DevOps Engineer,78756,0,1.2,3.6,37,0,No
EMP0892,59,Marketing,Marketing Analyst,25533,1,4.6,2.5,46,0,No
EMP0893,57,Finance,Accountant,47017,18,4.3,5.0,41,10,No
EMP0894,24,Operations,Supply Chain Specialist,82831,2,4.3,3.9,36,1,No
EMP0895,52,Operations,Supply Chain Specialist,43074,5,3.5,1.1,31,3,No
EMP0896,34,Finance,Financial Analyst,61049,7,4.0,2.8,51,2,No
EMP0897,27,Marketing,Brand Manager,37659,0,4.4,4.1,30,0,No
EMP0898,27,HR,Recruiter,40879,5,2.0,3.6,30,2,No
EMP0899,58,Operations,Logistics Manager,52714,22,2.4,4.4,61,6,No
EMP0900,25,Marketing,Content Strategist,62713,0,4.6,1.0,39,0,No
EMP0901,35,Operations,Logistics Manager,58571,0,1.3,4.4,33,0,No
EMP0902,52,Finance,Accountant,60776,10,1.1,3.9,46,5,No
EMP0903,30,Operations,Supply Chain Specialist,41163,3,2.1,4.3,47,0,No
EMP0904,26,Sales,Sales Representative,67495,0,4.7,4.1,46,0,No
EMP0905,33,Finance,Accountant,49722,3,1.2,1.2,51,2,No
EMP0906,44,Sales,Account Manager,38429,5,2.2,4.4,52,0,No
EMP0907,22,Sales,Sales Lead,65559,0,1.7,3.0,38,0,No
EMP0908,39,HR,Recruiter,60033,2,3.4,2.4,41,1,No
EMP0909,48,Marketing,Marketing Analyst,63514,13,3.9,4.6,54,3,No
EMP0910,51,Engineering,Software Engineer,63721,18,2.4,2.0,55,9,No
EMP0911,56,Marketing,Brand Manager,75931,14,1.3,1.6,38,4,No
EMP0912,43,Sales,Sales Lead,25696,18,3.2,3.9,51,1,No
EMP0913,22,Engineering,DevOps Engineer,43719,0,1.2,3.9,42,0,No
EMP0914,29,Operations,Operations Analyst,52673,3,1.4,3.0,46,3,No
EMP0915,38,Marketing,Brand Manager,88304,7,1.9,1.2,59,3,No
EMP0916,56,Operations,Logistics Manager,44986,0,3.3,2.3,49,0,Yes
EMP0917,37,HR,HR Manager,60679,9,3.9,4.2,54,2,No
EMP0918,58,Marketing,Content Strategist,94191,0,1.1,1.5,36,0,No
EMP0919,39,Operations,Logistics Manager,46819,3,2.0,3.9,55,2,No
EMP0920,31,Sales,Account Manager,38462,9,2.1,1.8,43,5,Yes
EMP0921,22,Sales,Sales Representative,47867,0,4.3,5.0,44,0,No
EMP0922,33,HR,HR Specialist,83344,9,4.2,2.0,57,4,No
EMP0923,27,Sales,Sales Representative,66103,2,1.8,3.3,54,0,No
EMP0924,25,Operations,Logistics Manager,25987,1,4.7,2.5,39,1,No
EMP0925,27,Sales,Sales Representative,63385,1,3.4,3.7,38,0,No
EMP0926,44,Finance,Financial Analyst,86603,12,3.0,3.0,43,6,No
EMP0927,28,HR,HR Specialist,48330,0,4.3,2.1,56,0,Yes
EMP0928,35,Engineering,Software Engineer,34608,3,2.9,3.2,39,0,No
EMP0929,49,Engineering,Software Engineer,63974,25,2.0,3.6,48,11,No
EMP0930,32,Operations,Operations Analyst,53284,7,2.4,2.6,35,4,No
EMP0931,33,Sales,Sales Representative,29604,2,5.0,2.2,39,2,No
EMP0932,54,Sales,Account Manager,34742,25,1.2,3.4,35,9,Yes
EMP0933,22,Sales,Account Manager,31037,0,2.0,3.3,35,0,No
EMP0934,41,Engineering,Data Analyst,81243,5,4.6,3.0,42,3,No
EMP0935,46,Finance,Financial Analyst,63900,15,3.8,4.4,53,6,No
EMP0936,50,Engineering,DevOps Engineer,53742,25,3.4,1.8,38,9,No
EMP0937,51,HR,Recruiter,66256,25,3.6,3.7,49,10,No
EMP0938,37,Operations,Supply Chain Specialist,50384,14,4.2,2.4,54,1,No
EMP0939,58,Operations,Logistics Manager,46684,29,1.1,4.7,53,5,Yes
EMP0940,57,Sales,Sales Representative,74463,27,4.6,3.9,43,12,No
EMP0941,31,Finance,Financial Analyst,45158,2,1.7,4.6,46,3,No
EMP0942,42,Finance,Finance Manager,81867,8,4.8,1.3,36,0,No
EMP0943,38,HR,HR Specialist,78779,15,3.1,1.9,32,3,No
EMP0944,46,Engineering,Data Analyst,83540,8,2.1,3.3,34,3,No
EMP0945,48,Finance,Finance Manager,59729,20,1.4,2.4,36,9,Yes
EMP0946,23,Engineering,Software Engineer,91444,1,1.7,4.0,45,1,Yes
EMP0947,48,Marketing,Brand Manager,41337,26,2.2,2.9,50,11,Yes
EMP0948,53,Sales,Sales Lead,82871,16,3.9,1.9,45,8,Yes
EMP0949,38,Engineering,DevOps Engineer,60380,14,4.2,4.9,49,1,No
EMP0950,47,Operations,Operations Analyst,36399,21,3.2,3.9,53,8,No
EMP0951,54,HR,HR Manager,45687,11,2.1,3.7,52,5,No
EMP0952,29,Operations,Supply Chain Specialist,114462,6,1.9,4.0,49,3,No
EMP0953,58,Marketing,Marketing Analyst,70190,14,1.7,1.2,43,6,No
EMP0954,46,Sales,Sales Representative,60621,7,4.5,3.7,43,1,No
EMP0955,51,HR,Recruiter,67615,24,1.5,3.1,57,8,Yes
EMP0956,42,Marketing,Content Strategist,30377,19,2.9,1.1,30,4,Yes
EMP0957,25,Engineering,Software Engineer,100089,2,3.4,2.4,38,0,Yes
EMP0958,42,Engineering,Software Engineer,45536,12,1.3,4.9,47,7,No
EMP0959,58,Marketing,Brand Manager,40716,15,1.5,1.2,47,5,Yes
EMP0960,35,Marketing,Content Strategist,65604,7,3.1,4.0,53,3,No
EMP0961,52,Sales,Account Manager,42135,9,1.5,2.0,44,5,No
EMP0962,37,Sales,Sales Representative,77659,13,4.4,3.7,49,7,No
EMP0963,31,Finance,Financial Analyst,54363,0,2.5,3.5,39,0,No
EMP0964,27,Finance,Accountant,58701,0,2.1,1.6,51,0,Yes
EMP0965,29,Finance,Finance Manager,88683,5,2.1,1.7,31,2,Yes
EMP0966,28,Sales,Sales Representative,52367,5,4.8,2.3,50,1,Yes
EMP0967,55,Sales,Sales Lead,67624,19,4.8,2.3,44,6,Yes
EMP0968,50,Sales,Sales Lead,46303,11,4.0,3.3,44,3,No
EMP0969,59,Marketing,Brand Manager,79063,15,4.0,1.8,39,4,No
EMP0970,24,HR,HR Specialist,52491,0,3.6,3.1,42,0,No
EMP0971,32,Finance,Financial Analyst,32079,0,1.8,1.5,47,0,Yes
EMP0972,33,Engineering,Data Analyst,51906,2,2.7,1.6,30,1,No
EMP0973,30,Operations,Logistics Manager,61625,7,3.2,2.4,41,2,Yes
EMP0974,30,Marketing,Content Strategist,48710,5,4.4,3.5,41,0,Yes
EMP0975,57,Sales,Sales Representative,39857,25,2.0,4.9,58,9,No
EMP0976,31,Engineering,Data Analyst,50861,7,4.3,4.5,57,2,No
EMP0977,58,Sales,Sales Lead,51391,18,3.5,2.1,61,3,No
EMP0978,22,Sales,Sales Representative,43467,0,3.3,2.8,46,0,No
EMP0979,24,Marketing,Marketing Analyst,74481,0,3.8,2.7,51,0,No
EMP0980,29,Operations,Supply Chain Specialist,64472,0,4.1,4.4,30,0,No
EMP0981,28,Sales,Sales Representative,74888,2,3.4,2.5,40,0,No
EMP0982,59,Operations,Logistics Manager,56765,6,3.4,2.9,45,0,No
EMP0983,58,Operations,Logistics Manager,81945,16,1.2,4.6,48,2,No
EMP0984,29,Finance,Accountant,58581,7,4.7,4.9,54,1,No
EMP0985,44,Marketing,Marketing Analyst,74684,12,2.1,3.5,52,4,No
EMP0986,59,Operations,Operations Analyst,57445,29,1.4,2.3,34,9,Yes
EMP0987,59,Finance,Accountant,82468,28,4.1,3.1,50,12,No
EMP0988,29,Sales,Sales Representative,63742,5,2.3,2.6,48,3,No
EMP0989,49,HR,Recruiter,69182,6,4.1,2.4,34,3,No
EMP0990,47,Sales,Sales Lead,110607,14,1.4,2.5,43,8,No
EMP0991,28,Operations,Logistics Manager,53029,5,2.8,1.0,52,1,No
EMP0992,29,Sales,Sales Representative,48237,6,2.1,3.3,46,2,No
EMP0993,54,Sales,Account Manager,78140,6,2.6,3.8,49,2,No
EMP0994,54,Engineering,Software Engineer,71141,26,4.4,2.0,36,10,No
EMP0995,48,Sales,Sales Representative,35795,20,4.7,4.5,46,5,No
EMP0996,49,Sales,Sales Representative,61691,0,3.7,3.2,45,0,No
EMP0997,31,Engineering,Software Engineer,50846,8,3.4,1.6,53,3,No
EMP0998,57,Sales,Account Manager,54632,14,4.9,1.6,47,2,No
EMP0999,50,Marketing,Marketing Analyst,63765,12,2.1,3.3,48,5,Yes
EMP1000,46,Marketing,Content Strategist,38969,14,2.5,4.9,33,3,Yes
